codigo,pagina_pdf,empaque_inner,estado,valor_crudo
51-01-410,108,10,ok,10
51-01-412,108,10,ok,10
51-01-414,108,10,ok,10
51-01-416,108,10,ok,10
51-01-418,108,10,ok,10
51-01-480,108,10,ok,10
51-01-425,108,10,ok,10
51-01-482,108,10,ok,10
51-01-428,108,10,ok,10
51-01-484,108,10,ok,10
51-01-432,108,10,ok,10
51-01-486,108,10,ok,10
51-01-436,108,10,ok,10
51-01-488,108,10,ok,10
51-01-440,108,10,ok,10
51-01-490,108,10,ok,10
51-01-442,108,10,ok,10
51-01-492,108,10,ok,10
51-01-444,108,10,ok,10
51-01-494,108,10,ok,10
51-01-448,108,10,ok,10
51-01-496,108,10,ok,10
51-01-450,108,10,ok,10
51-01-498,108,10,ok,10
51-01-452,108,10,ok,10
51-01-500,108,10,ok,10
51-01-454,108,10,ok,10
51-01-502,108,10,ok,10
51-01-456,108,10,ok,10
51-01-503,108,10,ok,10
51-01-458,108,10,ok,10
51-01-504,108,10,ok,10
51-01-460,108,10,ok,10
51-01-506,108,10,ok,10
51-01-461,108,5,ok,5
51-01-507,108,10,ok,10
51-01-462,108,5,ok,5
51-01-508,108,10,ok,10
51-01-463,108,5,ok,5
51-01-510,108,10,ok,10
51-01-464,108,5,ok,5
51-01-465,108,5,ok,5
51-01-466,108,5,ok,5
51-01-468,108,5,ok,5
51-01-470,108,5,ok,5
51-01-472,108,5,ok,5
51-01-105,109,10,ok,10
51-01-110,109,10,ok,10
51-01-115,109,10,ok,10
51-01-120,109,10,ok,10
51-01-125,109,10,ok,10
51-01-128,109,10,ok,10
51-01-131,109,10,ok,10
51-01-136,109,10,ok,10
51-01-139,109,10,ok,10
51-01-142,109,10,ok,10
51-01-147,109,10,ok,10
51-01-150,109,10,ok,10
51-01-153,109,10,ok,10
51-01-158,109,10,ok,10
51-01-163,109,10,ok,10
51-01-168,109,10,ok,10
51-01-173,109,10,ok,10
51-01-178,109,10,ok,10
51-01-183,109,10,ok,10
51-01-188,109,10,ok,10
51-01-193,109,10,ok,10
51-01-198,109,10,ok,10
51-01-203,109,5,ok,5
51-01-259,109,5,ok,5
51-01-208,109,5,ok,5
51-01-213,109,5,ok,5
51-01-218,109,5,ok,5
51-01-223,109,5,ok,5
51-01-228,109,5,ok,5
51-01-238,109,5,ok,5
51-01-020,109,10,ok,10
51-01-248,109,5,ok,5
51-01-026,109,10,ok,10
51-01-258,109,5,ok,5
51-01-029,109,10,ok,10
51-01-268,109,5,ok,5
51-01-032,109,10,ok,10
51-01-278,109,5,ok,5
51-01-035,109,10,ok,10
51-01-282,109,5,ok,5
51-01-038,109,5,ok,5
51-01-286,109,5,ok,5
51-01-044,109,5,ok,5
51-03-280,110,5,ok,5
51-03-281,110,5,ok,5
51-03-282,110,5,ok,5
51-02-130,110,5,ok,5
51-03-283,110,5,ok,5
51-02-140,110,5,ok,5
51-03-285,110,5,ok,5
51-02-150,110,5,ok,5
51-03-287,110,5,ok,5
51-02-160,110,5,ok,5
51-02-170,110,5,ok,5
51-02-180,110,5,ok,5
51-02-190,110,5,ok,5
51-02-200,110,5,ok,5
51-02-210,110,5,ok,5
51-02-220,110,5,ok,5
51-02-230,110,5,ok,5
51-01-005,110,10,ok,10
51-01-008,110,10,ok,10
51-01-012,110,10,ok,10
51-03-110,111,5,ok,5
51-03-115,111,5,ok,5
51-03-120,111,5,ok,5
51-03-122,111,5,ok,5
51-03-125,111,5,ok,5
51-03-130,111,5,ok,5
51-03-135,111,5,ok,5
51-03-140,111,5,ok,5
51-03-145,111,5,ok,5
51-03-146,111,5,ok,5
51-03-148,111,5,ok,5
51-03-200,111,10,ok,10
51-03-205,111,10,ok,10
51-03-210,111,10,ok,10
51-03-215,111,10,ok,10
51-03-220,111,,sin_dato,-
51-03-225,111,,sin_dato,-
51-03-251,112,5,ok,5
51-03-315,112,5,ok,5
51-03-252,112,5,ok,5
51-03-316,112,5,ok,5
51-03-253,112,5,ok,5
51-03-317,112,5,ok,5
51-03-325,112,5,ok,5
51-03-330,112,5,ok,5
51-03-331,112,5,ok,5
51-03-345,112,5,ok,5
51-03-347,112,5,ok,5
51-03-353,112,5,ok,5
51-03-355,112,5,ok,5
51-03-358,112,5,ok,5
51-03-231,112,5,ok,5
51-03-233,112,5,ok,5
51-03-236,112,5,ok,5
51-03-239,112,5,ok,5
51-03-240,112,5,ok,5
51-03-241,112,5,ok,5
51-03-430,113,5,ok,5
51-03-256,113,,sin_dato,-
51-03-258,113,,sin_dato,-
51-03-260,113,,sin_dato,-
51-03-242,113,5,ok,5
51-03-246,113,5,ok,5
51-03-248,113,5,ok,5
51-01-350,114,10,ok,10
51-01-476,114,10,ok,10
51-01-405,114,10,ok,10
51-01-355,114,,sin_dato,-
51-01-360,114,,sin_dato,-
01-01-394,115,10,ok,10
01-01-105,115,10,ok,10
01-01-398,115,10,ok,10
01-01-111,115,10,ok,10
01-01-400,115,10,ok,10
01-01-117,115,10,ok,10
01-01-401,115,10,ok,10
01-01-123,115,10,ok,10
01-01-405,115,10,ok,10
01-01-129,115,10,ok,10
01-01-410,115,10,ok,10
01-01-136,115,10,ok,10
01-01-415,115,10,ok,10
01-01-142,115,10,ok,10
01-01-423,115,10,ok,10
01-01-149,115,10,ok,10
01-01-431,115,10,ok,10
01-01-155,115,10,ok,10
01-01-436,115,10,ok,10
01-01-162,115,10,ok,10
01-01-438,115,10,ok,10
01-01-168,115,10,ok,10
01-01-444,115,10,ok,10
01-01-174,115,10,ok,10
01-01-449,115,10,ok,10
01-01-180,115,5,ok,5
01-01-453,115,10,ok,10
01-01-186,115,5,ok,5
01-01-457,115,10,ok,10
01-01-192,115,5,ok,5
01-01-462,115,10,ok,10
01-01-198,115,5,ok,5
01-01-467,115,10,ok,10
01-01-204,115,5,ok,5
01-01-472,115,5,ok,5
01-01-210,115,5,ok,5
01-01-477,115,5,ok,5
01-01-216,115,5,ok,5
01-01-482,115,5,ok,5
01-01-220,115,5,ok,5
01-01-487,115,5,ok,5
01-01-225,115,5,ok,5
01-01-492,115,5,ok,5
01-01-230,115,5,ok,5
01-01-497,115,5,ok,5
01-01-235,115,5,ok,5
01-01-502,115,5,ok,5
01-01-240,115,5,ok,5
01-01-507,115,5,ok,5
01-01-245,115,5,ok,5
01-01-512,115,5,ok,5
01-01-522,115,5,ok,5
01-01-532,115,5,ok,5
01-01-542,115,5,ok,5
01-01-275,115,10,ok,10
01-01-552,115,5,ok,5
01-01-280,115,10,ok,10
01-01-562,115,5,ok,5
01-01-285,115,10,ok,10
01-01-572,115,5,ok,5
01-01-290,115,10,ok,10
01-01-582,115,5,ok,5
01-01-295,115,10,ok,10
01-01-592,115,5,ok,5
01-01-300,115,5,ok,5
01-01-594,115,5,ok,5
01-01-305,115,5,ok,5
01-02-200,116,5,ok,5
01-02-100,116,5,ok,5
01-02-202,116,5,ok,5
01-02-102,116,5,ok,5
01-02-204,116,5,ok,5
01-02-104,116,5,ok,5
01-02-206,116,5,ok,5
01-02-106,116,5,ok,5
01-02-208,116,5,ok,5
01-02-110,116,5,ok,5
01-02-210,116,5,ok,5
01-02-114,116,5,ok,5
01-02-212,116,5,ok,5
01-02-118,116,5,ok,5
01-02-214,116,5,ok,5
01-02-216,116,5,ok,5
01-02-218,116,5,ok,5
01-02-220,116,5,ok,5
01-01-610,116,,sin_dato,-
01-01-613,116,,sin_dato,-
01-01-616,116,,sin_dato,-
01-01-619,116,,sin_dato,-
01-01-622,116,,sin_dato,-
01-01-625,116,,sin_dato,-
01-03-105,116,5,ok,5
01-01-628,116,,sin_dato,-
01-03-110,116,5,ok,5
01-01-631,116,,sin_dato,-
01-03-115,116,3,ok,3
01-01-634,116,,sin_dato,-
01-03-125,116,3,ok,3
01-01-637,116,,sin_dato,-
01-03-130,116,3,ok,3
01-01-640,116,,sin_dato,-
01-03-135,116,2,ok,2
01-01-643,116,,sin_dato,-
01-03-140,116,2,ok,2
01-01-646,116,,sin_dato,-
01-03-145,116,2,ok,2
01-01-649,116,,sin_dato,-
35-03-020,117,,sin_columna_inner,
35-03-072,117,,sin_columna_inner,
35-03-032,117,,sin_columna_inner,
35-03-081,117,,sin_columna_inner,
35-03-038,117,,sin_columna_inner,
35-03-040,117,,sin_columna_inner,
35-03-044,117,,sin_columna_inner,
35-03-108,117,,sin_columna_inner,
35-03-046,117,,sin_columna_inner,
35-03-114,117,,sin_columna_inner,
46-03-100,118,10,ok,10
46-03-102,118,10,ok,10
46-03-104,118,10,ok,10
46-02-160,118,,sin_dato,-
46-02-164,118,,sin_dato,-
46-02-168,118,,sin_dato,-
46-02-172,118,,sin_dato,-
42-03-010,119,25,ok,25
42-03-108,119,25,ok,25
42-03-114,119,25,ok,25
42-03-020,119,25,ok,25
42-03-032,119,25,ok,25
42-03-072,119,25,ok,25
42-03-038,119,25,ok,25
42-03-081,119,25,ok,25
42-03-039,119,25,ok,25
42-03-090,119,25,ok,25
42-03-044,120,25,ok,25
42-03-005,120,25,ok,25
42-03-510,121,20,ok,20
42-03-560,121,,sin_dato,-
42-03-530,121,20,ok,20
42-03-598,122,10,ok,10
42-03-670,122,10,ok,10
42-03-640,122,10,ok,10
42-03-630,122,10,ok,10
42-03-650,122,10,ok,10
42-03-632,122,10,ok,10
42-03-679,122,10,ok,10
42-03-680,122,10,ok,10
42-03-682,122,10,ok,10
42-03-695,123,25,ok,25
42-03-746,123,10,ok,10
42-03-702,123,25,ok,25
42-03-706,123,25,ok,25
42-03-710,123,25,ok,25
42-03-714,123,25,ok,25
42-03-743,123,10,ok,10
42-03-721,123,25,ok,25
42-03-725,123,25,ok,25
42-03-742,123,10,ok,10
30-03-005,124,,sin_dato,-
30-03-020,124,,sin_columna_inner,
30-03-010,124,,sin_dato,-
30-03-022,124,,sin_columna_inner,
30-03-024,124,,sin_columna_inner,
30-03-026,124,,sin_columna_inner,
30-03-000,124,,sin_dato,-
30-03-050,124,,sin_columna_inner,
30-03-052,124,,sin_columna_inner,
30-03-054,124,,sin_columna_inner,
30-03-056,124,,sin_columna_inner,
46-08-150,125,20,ok,20
46-08-156,125,20,ok,20
46-08-154,125,20,ok,20
46-08-141,125,20,ok,20
46-08-176,125,10,ok,10
46-08-144,125,20,ok,20
46-08-166,125,10,ok,10
46-08-182,125,50,ok,50
46-08-168,125,10,ok,10
46-08-184,125,50,ok,50
46-08-186,125,40,ok,40
43-02-104,126,,sin_dato,-
43-02-116,126,,sin_dato,-
43-02-106,126,,sin_dato,-
43-02-108,126,,sin_dato,-
43-02-110,126,,sin_dato,-
43-02-112,127,,sin_dato,-
43-02-102,127,,sin_dato,-
43-02-114,127,,sin_dato,-
43-02-302,127,,sin_dato,-
43-02-304,127,,sin_dato,-
43-02-206,127,,sin_dato,-
43-02-202,127,,sin_dato,-
43-02-204,127,,sin_dato,-
43-20-102,128,,sin_dato,-
43-20-132,128,,sin_dato,-
43-20-112,128,,sin_dato,-
43-20-142,128,,sin_dato,-
43-20-122,128,,sin_dato,-
43-20-144,128,,sin_dato,-
43-20-304,129,,sin_dato,-
43-20-508,129,,sin_dato,-
43-20-510,129,,sin_dato,-
43-20-512,129,,sin_dato,-
90-20-508,129,,sin_dato,-
90-20-510,129,,sin_dato,-
90-20-512,129,,sin_dato,-
43-20-306,129,,sin_dato,-
43-20-514,129,,sin_dato,-
90-20-514,129,,sin_dato,-
43-20-308,129,,sin_dato,-
43-02-404,130,,sin_dato,-
43-02-402,130,,sin_dato,-
43-02-400,130,,sin_dato,-
43-40-104,130,,sin_dato,-
43-02-406,130,,sin_dato,-
43-11-102,130,,sin_dato,-
43-11-202,130,,sin_dato,-
43-02-502,130,,sin_dato,-
43-02-504,131,,sin_dato,-
43-20-402,131,,sin_dato,-
43-20-404,131,,sin_dato,-
43-20-504,131,,sin_dato,-
43-20-502,131,,sin_dato,-
43-20-604,131,,sin_dato,-
43-20-602,131,,sin_dato,-
43-20-606,131,,sin_dato,-
43-20-506,131,,sin_dato,-
43-20-608,131,,sin_dato,-
43-02-610,132,,sin_dato,-
43-02-602,132,,sin_dato,-
43-02-604,132,,sin_dato,-
43-02-612,132,,sin_dato,-
43-02-614,132,,sin_dato,-
43-02-606,132,,sin_dato,-
43-02-702,132,,sin_dato,-
43-02-706,132,,sin_dato,-
43-02-608,132,,sin_dato,-
43-02-704,132,,sin_dato,-
43-02-708,133,,sin_dato,-
43-04-010,133,,sin_dato,-
43-20-610,133,,sin_dato,-
43-04-012,133,,sin_dato,-
43-04-014,133,,sin_dato,-
43-04-016,133,,sin_dato,-
43-04-002,133,,sin_dato,-
43-20-802,134,,sin_dato,-
43-20-804,134,,sin_dato,-
43-20-806,134,,sin_dato,-
43-20-808,134,,sin_dato,-
43-20-810,134,,sin_dato,-
43-20-812,134,,sin_dato,-
43-20-814,134,,sin_dato,-
43-20-816,134,,sin_dato,-
43-20-818,134,,sin_dato,-
43-20-820,134,,sin_dato,-
43-20-822,134,,sin_dato,-
43-20-824,134,,sin_dato,-
43-20-826,134,,sin_dato,-
43-20-828,134,,sin_dato,-
43-20-830,134,,sin_dato,-
43-20-832,134,,sin_dato,-
43-20-834,134,,sin_dato,-
43-20-836,134,,sin_dato,-
43-20-838,134,,sin_dato,-
43-20-840,134,,sin_dato,-
43-20-842,134,,sin_dato,-
43-20-844,134,,sin_dato,-
43-20-846,134,,sin_dato,-
43-20-848,134,,sin_dato,-
43-20-850,134,,sin_dato,-
43-20-852,134,,sin_dato,-
43-20-854,134,,sin_dato,-
43-20-856,134,,sin_dato,-
43-27-006,134,,sin_dato,-
43-20-858,134,,sin_dato,-
43-20-860,134,,sin_dato,-
43-20-862,134,,sin_dato,-
43-20-864,134,,sin_dato,-
43-20-866,134,,sin_dato,-
43-20-868,134,,sin_dato,-
43-20-870,134,,sin_dato,-
43-20-872,134,,sin_dato,-
43-20-874,134,,sin_dato,-
43-20-876,134,,sin_dato,-
43-27-010,134,,sin_dato,-
43-20-878,134,,sin_dato,-
49-22-154,135,12,ok,12
46-22-020,135,12,ok,12
49-22-160,135,12,ok,12
90-22-100,135,,sin_dato,-
90-22-045,135,,sin_dato,-
90-22-050,135,,sin_dato,-
49-22-165,135,12,ok,12
49-22-178,135,12,ok,12
90-22-090,135,,sin_dato,-
90-22-070,135,,sin_dato,-
49-22-130,135,12,ok,12
49-22-115,135,12,ok,12
90-22-025,135,,sin_dato,-
49-22-360,136,100,ok,100
49-22-350,136,100,ok,100
49-22-365,136,100,ok,100
49-22-090,136,,sin_dato,-
49-22-336,136,100,ok,100
49-22-318,136,100,ok,100
49-22-324,136,100,ok,100
49-22-302,137,200,ok,200
49-22-312,137,100,ok,100
49-22-300,137,200,ok,200
49-22-306,137,,sin_dato,-
49-28-010,137,6,ok,6
32-03-101,138,10,ok,10
32-03-103,138,10,ok,10
32-03-105,138,10,ok,10
32-03-107,138,10,ok,10
32-03-109,138,10,ok,10
32-03-111,138,10,ok,10
32-03-113,138,10,ok,10
32-03-115,138,10,ok,10
32-03-117,138,10,ok,10
32-03-119,138,10,ok,10
32-03-121,138,10,ok,10
32-03-123,138,10,ok,10
32-03-166,138,5,ok,5
32-03-160,138,5,ok,5
46-03-210,138,60,ok,60
46-03-212,138,60,ok,60
03-01-033,139,12,ok,12
03-01-035,139,6,ok,6
03-01-030,139,5,ok,5
03-01-060,139,20,ok,20
03-01-062,139,20,ok,20
03-01-064,139,20,ok,20
03-01-066,139,20,ok,20
03-01-068,139,20,ok,20
03-01-070,139,20,ok,20
03-01-072,139,20,ok,20
03-01-074,139,20,ok,20
03-01-040,139,4,ok,4
03-01-076,139,20,ok,20
03-01-078,139,15,ok,15
03-01-080,139,15,ok,15
03-01-082,139,15,ok,15
03-01-084,139,15,ok,15
03-01-086,139,15,ok,15
03-01-088,139,12,ok,12
03-01-090,139,12,ok,12
03-01-092,139,12,ok,12
03-01-094,139,6,ok,6
03-01-096,139,6,ok,6
03-01-098,139,6,ok,6
03-01-110,140,24,ok,24
03-02-025,140,10,ok,10
03-01-020,140,6,ok,6
03-01-022,140,6,ok,6
03-01-024,140,6,ok,6
03-01-026,140,6,ok,6
03-02-027,140,1,ok,1
03-01-001,140,6,ok,6
03-02-058,140,12,ok,12
03-02-062,140,12,ok,12
03-02-052,140,10,ok,10
03-02-063,140,10,ok,10
03-33-003,141,6,ok,6
03-03-120,141,6,ok,6
03-33-005,141,6,ok,6
03-03-124,141,6,ok,6
03-33-010,141,6,ok,6
03-03-126,141,6,ok,6
03-03-128,141,6,ok,6
03-01-200,141,6,ok,6
03-02-070,141,,sin_dato,-
03-03-034,142,10,ok,10
03-03-038,142,60,ok,60
03-03-005,142,12,ok,12
03-03-007,142,12,ok,12
03-03-043,142,50,ok,50
03-03-009,142,6,ok,6
03-03-040,142,50,ok,50
03-03-045,142,50,ok,50
03-03-047,142,50,ok,50
03-03-049,142,50,ok,50
03-03-012,142,,sin_dato,-
03-02-040,142,6,ok,6
03-03-025,143,24,ok,24
03-02-030,143,10,ok,10
03-02-032,143,10,ok,10
03-02-034,143,10,ok,10
03-03-024,143,12,ok,12
03-03-032,143,6,ok,6
03-03-020,143,6,ok,6
03-03-030,143,12,ok,12
03-02-028,143,6,ok,6
03-03-022,143,6,ok,6
03-03-053,144,12,ok,12
03-04-002,144,10,ok,10
03-03-092,144,12,ok,12
03-03-094,144,12,ok,12
03-03-096,144,12,ok,12
03-03-098,144,12,ok,12
03-03-070,144,4,ok,4
03-03-060,144,12,ok,12
03-03-062,144,12,ok,12
03-03-130,144,,sin_dato,-
03-06-005,145,24,ok,24
03-06-008,145,12,ok,12
03-06-020,145,6,ok,6
03-06-010,145,8,ok,8
03-06-024,145,10,ok,10
03-20-004,145,5,ok,5
03-03-080,145,12,ok,12
03-20-010,145,6,ok,6
03-12-003,146,12,ok,12
03-08-001,146,6,ok,6
03-12-014,146,40,ok,40
03-12-001,146,12,ok,12
03-08-003,146,10,ok,10
03-12-012,146,10,ok,10
03-08-012,146,100,ok,100
03-12-005,146,12,ok,12
03-08-020,146,100,ok,100
03-08-022,146,100,ok,100
03-12-010,146,20,ok,20
03-08-024,146,100,ok,100
03-13-002,147,25,ok,25
03-22-010,147,6,ok,6
03-23-010,147,6,ok,6
03-22-012,147,6,ok,6
03-22-014,147,6,ok,6
03-22-016,147,6,ok,6
03-22-018,147,6,ok,6
03-22-020,147,6,ok,6
03-22-001,147,,sin_dato,-
03-27-030,148,20,ok,20
03-27-005,148,60,ok,60
03-27-032,148,10,ok,10
03-27-006,148,36,ok,36
03-27-034,148,10,ok,10
03-30-020,148,10,ok,10
03-27-010,148,60,ok,60
03-27-011,148,36,ok,36
03-30-030,148,10,ok,10
03-27-025,148,80,ok,80
03-30-010,148,12,ok,12
03-32-030,149,6,ok,6
03-32-001,149,6,ok,6
03-32-003,149,6,ok,6
03-32-005,149,6,ok,6
03-32-010,149,6,ok,6
03-32-090,149,5,ok,5
03-32-015,149,6,ok,6
03-32-004,149,6,ok,6
03-32-020,149,6,ok,6
03-32-012,149,6,ok,6
03-32-072,150,12,ok,12
03-32-085,150,6,ok,6
03-32-014,150,6,ok,6
03-32-070,150,6,ok,6
03-32-035,150,6,ok,6
03-32-024,150,5,ok,5
03-32-037,150,5,ok,5
03-32-050,151,6,ok,6
03-11-010,151,6,ok,6
03-32-056,151,6,ok,6
03-11-002,151,6,ok,6
03-32-057,151,20,ok,20
03-37-010,151,6,ok,6
03-32-060,151,10,ok,10
03-34-030,152,10,ok,10
03-34-070,152,10,ok,10
03-34-007,152,12,ok,12
03-34-052,152,12,ok,12
03-34-009,152,12,ok,12
03-34-054,152,12,ok,12
03-34-011,152,12,ok,12
03-34-056,152,12,ok,12
03-34-020,152,12,ok,12
03-34-062,152,12,ok,12
03-34-022,152,12,ok,12
03-34-064,152,12,ok,12
03-34-025,152,12,ok,12
03-42-016,153,,sin_columna_inner,
03-42-002,153,8,ok,8
03-42-018,153,,sin_columna_inner,
03-42-020,154,,sin_dato,-
03-42-001,155,,sin_dato,-
03-42-010,155,2,ok,2
03-42-011,156,20,ok,20
03-42-008,156,8,ok,8
03-42-012,156,12,ok,12
03-42-014,156,12,ok,12
03-42-006,156,36,ok,36
03-27-040,156,20,ok,20
02-06-022,157,6,ok,6
02-06-024,157,6,ok,6
02-01-006,157,24,ok,24
02-06-026,157,2,ok,2
02-01-008,157,24,ok,24
02-06-028,157,1,ok,1
02-23-006,157,2,ok,2
02-02-006,157,6,ok,6
02-33-016,157,6,ok,6
02-33-020,157,6,ok,6
02-02-082,157,12,ok,12
45-01-672,158,10,ok,10
45-01-030,158,,sin_dato,-
45-01-674,158,10,ok,10
45-01-678,158,150,ok,150
45-03-420,158,,sin_dato,-
45-01-680,158,100,ok,100
45-03-430,158,,sin_dato,-
45-01-681,158,100,ok,100
45-01-682,158,100,ok,100
45-01-690,158,5,ok,5
45-03-520,158,,sin_dato,-
45-01-692,158,5,ok,5
46-02-010,159,,sin_columna_inner,
45-01-737,159,,sin_dato,-
46-02-114,159,,sin_columna_inner,
45-01-757,159,,sin_dato,-
45-01-435,159,,sin_dato,-
45-03-199,159,12,ok,12
45-01-747,159,10,ok,10
45-03-200,159,12,ok,12
45-03-310,160,,sin_dato,-
45-03-312,160,,sin_dato,-
45-03-135,160,,sin_dato,-
45-03-313,160,,sin_dato,-
45-03-137,160,,sin_dato,-
45-03-314,160,,sin_dato,-
45-03-316,160,,sin_dato,-
45-05-115,160,12,ok,12
45-03-143,160,,sin_dato,-
45-03-145,160,,sin_dato,-
45-03-147,160,,sin_dato,-
45-05-125,160,12,ok,12
45-03-151,160,,sin_dato,-
45-05-120,160,12,ok,12
45-20-020,161,25,ok,25
45-05-152,161,10,ok,10
45-05-156,161,10,ok,10
45-05-160,161,10,ok,10
45-03-400,161,,sin_dato,-
45-11-005,161,6,ok,6
45-20-015,161,,sin_dato,-
45-11-007,161,6,ok,6
90-20-100,161,,sin_dato,-
45-20-110,161,,sin_dato,-
46-01-210,162,,sin_dato,-
46-01-264,162,,sin_dato,-
46-01-270,162,,sin_dato,-
46-01-273,162,,sin_dato,-
46-01-279,162,,sin_dato,-
46-01-212,162,,sin_dato,-
46-08-054,162,200,ok,200
46-08-056,162,200,ok,200
46-08-062,162,100,ok,100
46-08-070,162,100,ok,100
46-01-200,162,6,ok,6
46-20-010,162,5,ok,5
46-01-233,162,,sin_dato,-
46-20-015,162,5,ok,5
46-01-150,163,160,ok,160
46-01-290,163,,sin_dato,-
46-01-152,163,100,ok,100
46-01-292,163,,sin_dato,-
46-01-153,163,100,ok,100
46-01-294,163,,sin_dato,-
46-01-154,163,100,ok,100
46-01-140,163,,sin_dato,-
46-01-062,163,,sin_dato,-
46-01-144,163,,sin_dato,-
46-01-100,163,50,ok,50
46-01-102,163,25,ok,25
46-03-232,163,12,ok,12
46-03-234,163,12,ok,12
46-03-240,163,12,ok,12
46-05-038,164,12,ok,12
46-05-040,164,12,ok,12
46-01-011,164,6,ok,6
46-05-018,164,25,ok,25
46-01-034,164,6,ok,6
46-02-060,164,25,ok,25
46-02-062,164,25,ok,25
46-01-039,164,6,ok,6
46-20-032,164,50,ok,50
46-02-022,165,,sin_dato,-
46-02-024,165,,sin_dato,-
46-02-120,165,50,ok,50
46-02-028,165,,sin_dato,-
46-02-121,165,50,ok,50
46-02-030,165,,sin_dato,-
46-02-032,165,,sin_dato,-
46-02-034,165,,sin_dato,-
46-02-036,165,,sin_dato,-
46-02-038,165,,sin_dato,-
46-02-040,165,,sin_dato,-
46-02-044,165,,sin_dato,-
46-02-306,165,6,ok,6
46-02-312,165,6,ok,6
46-02-148,165,6,ok,6
46-02-150,165,6,ok,6
46-02-154,165,6,ok,6
46-02-330,165,20,ok,20
46-03-452,165,24,ok,24
46-03-288,166,,sin_dato,-
46-08-010,166,12,ok,12
46-03-012,166,12,ok,12
46-03-006,166,50,ok,50
46-03-205,166,24,ok,24
46-03-005,166,50,ok,50
46-03-426,167,12,ok,12
46-03-220,167,,sin_dato,-
46-03-432,167,6,ok,6
46-03-300,167,,sin_dato,-
46-03-436,167,6,ok,6
46-03-302,167,,sin_dato,-
46-03-304,167,,sin_dato,-
46-03-306,167,,sin_dato,-
46-03-308,167,,sin_dato,-
46-03-040,167,12,ok,12
46-03-042,167,12,ok,12
46-03-044,167,12,ok,12
46-03-320,167,,sin_columna_inner,
46-03-046,167,12,ok,12
46-03-322,167,,sin_columna_inner,
46-03-048,167,12,ok,12
46-03-324,167,,sin_columna_inner,
46-03-056,167,12,ok,12
46-03-326,167,,sin_columna_inner,
46-04-010,168,48,ok,48
26-03-411,168,5,ok,5
46-04-004,168,60,ok,60
26-03-407,168,,sin_dato,-
46-04-001,168,50,ok,50
46-11-120,169,24,ok,24
46-11-122,169,24,ok,24
46-11-124,169,24,ok,24
46-11-070,169,10,ok,10
46-11-072,169,10,ok,10
46-11-075,169,12,ok,12
46-11-080,169,15,ok,15
46-11-085,169,10,ok,10
46-11-090,169,10,ok,10
46-11-083,169,8,ok,8
46-11-093,169,8,ok,8
46-10-010,169,24,ok,24
46-11-100,169,24,ok,24
46-11-110,169,6,ok,6
46-08-230,170,12,ok,12
46-08-270,170,,sin_dato,-
46-08-232,170,12,ok,12
46-08-273,170,,sin_dato,-
46-08-276,170,,sin_dato,-
46-08-279,170,,sin_dato,-
46-08-282,170,,sin_dato,-
46-08-312,170,5,ok,5
46-08-200,170,,sin_dato,-
46-08-204,170,,sin_dato,-
46-08-208,170,,sin_dato,-
46-08-212,170,,sin_dato,-
46-08-216,170,,sin_dato,-
49-20-010,171,25,ok,25
46-07-001,171,72,ok,72
49-20-012,171,24,ok,24
49-20-025,171,20,ok,20
26-20-003,171,50,ok,50
49-20-024,171,20,ok,20
26-20-004,171,40,ok,40
26-20-006,171,30,ok,30
26-20-008,171,20,ok,20
26-20-010,171,15,ok,15
46-11-035,172,,sin_dato,-
19-22-100,172,8,ok,8
46-11-037,172,,sin_dato,-
46-11-039,172,,sin_dato,-
46-20-025,172,2,ok,2
46-20-027,172,12,ok,12
39-04-010,173,1200,ok,1200
39-04-012,173,1200,ok,1200
39-04-014,173,600,ok,600
39-04-016,173,600,ok,600
39-04-018,173,480,ok,480
39-04-020,173,360,ok,360
39-04-022,173,240,ok,240
39-04-024,173,192,ok,192
39-04-026,173,48,ok,48
39-04-060,173,480,ok,480
39-04-062,173,600,ok,600
39-04-064,173,600,ok,600
39-04-066,173,300,ok,300
39-04-068,173,300,ok,300
39-04-070,173,240,ok,240
39-04-072,173,240,ok,240
39-04-040,173,600,ok,600
39-04-042,173,480,ok,480
39-04-044,173,300,ok,300
39-04-046,173,240,ok,240
39-04-048,173,240,ok,240
39-04-050,173,120,ok,120
45-09-101,174,1,ok,1
90-09-050,174,50,ok,50
90-09-060,174,25,ok,25
70-09-105,174,1,ok,1
90-09-100,174,100,ok,100
54-04-042,175,10,ok,10
54-04-222,175,10,ok,10
54-04-010,175,,sin_dato,-
54-04-223,175,10,ok,10
54-04-210,175,,sin_dato,-
54-04-238,175,,sin_dato,-
54-04-241,175,,sin_dato,-
54-04-211,175,,sin_dato,-
54-04-016,175,10,ok,10
54-04-217,175,10,ok,10
54-04-046,176,40,ok,40
54-04-050,176,10,ok,10
54-04-244,176,10,ok,10
54-04-048,176,20,ok,20
54-04-053,176,20,ok,20
54-04-056,176,6,ok,6
54-04-164,177,20,ok,20
54-04-060,177,2,ok,2
54-04-166,177,20,ok,20
54-04-063,177,20,revisar,20
54-04-072,177,40,ok,40
29-04-120,178,,sin_dato,-
29-04-122,178,,sin_dato,-
29-04-124,178,,sin_dato,-
29-04-130,178,,sin_dato,-
29-04-132,178,,sin_dato,-
29-04-134,178,,sin_dato,-
29-04-140,178,,sin_dato,-
29-04-142,178,,sin_dato,-
29-04-144,178,,sin_dato,-
29-04-110,178,,sin_dato,-
29-04-112,178,,sin_dato,-
29-04-114,178,,sin_dato,-
29-04-116,178,,sin_dato,-
29-04-150,179,,sin_dato,-
29-04-152,179,,sin_dato,-
29-04-154,179,,sin_dato,-
29-04-310,179,,sin_dato,-
29-04-202,179,192,ok,192
29-04-204,179,96,ok,96
29-04-206,179,96,ok,96
29-04-208,179,72,ok,72
52-01-135,180,10,ok,10
52-01-386,180,10,ok,10
52-01-388,180,10,ok,10
52-01-390,180,10,ok,10
52-01-392,180,10,ok,10
52-01-394,180,10,ok,10
52-01-396,180,10,ok,10
52-01-398,180,10,ok,10
52-01-400,180,10,ok,10
52-01-406,180,10,ok,10
52-01-408,180,10,ok,10
52-01-200,180,10,ok,10
52-01-205,180,10,ok,10
52-01-210,180,10,ok,10
52-01-215,180,10,ok,10
52-01-220,180,10,ok,10
52-01-225,180,10,ok,10
52-01-230,180,10,ok,10
52-01-235,180,10,ok,10
52-01-240,180,5,ok,5
52-01-245,180,5,ok,5
52-01-250,180,5,ok,5
52-01-255,180,5,ok,5
52-01-260,180,5,ok,5
52-01-265,180,5,ok,5
52-01-270,180,5,ok,5
52-01-275,180,5,ok,5
52-01-280,180,5,ok,5
52-01-355,180,8,ok,8
52-01-285,180,5,ok,5
52-01-290,180,5,ok,5
52-01-295,180,5,ok,5
52-01-360,180,6,ok,6
52-01-300,180,5,ok,5
52-01-305,180,5,ok,5
52-01-310,180,5,ok,5
52-01-365,180,5,ok,5
52-01-315,180,5,ok,5
52-01-320,180,5,ok,5
52-01-325,180,5,ok,5
52-01-370,180,3,ok,3
52-01-090,181,20,ok,20
52-01-092,181,15,ok,15
52-01-655,181,10,ok,10
52-01-610,181,12,ok,12
52-01-686,181,,sin_dato,-
52-01-010,181,,sin_dato,-
52-01-011,181,,sin_dato,-
52-01-590,181,,sin_dato,-
52-01-012,181,,sin_dato,-
52-02-207,182,20,ok,20
52-01-500,182,15,ok,15
52-01-505,182,10,ok,10
52-01-510,182,10,ok,10
52-01-515,182,6,ok,6
52-01-520,182,4,ok,4
52-01-452,182,20,ok,20
52-01-454,182,20,ok,20
52-01-456,182,20,ok,20
52-03-150,182,10,ok,10
52-03-155,182,10,ok,10
52-03-160,182,6,ok,6
52-03-180,182,10,ok,10
52-03-185,182,10,ok,10
52-01-020,182,10,ok,10
52-03-190,182,6,ok,6
52-07-258,183,30,ok,30
52-20-010,183,50,ok,50
52-07-259,183,30,ok,30
52-07-260,183,20,ok,20
52-20-012,183,50,ok,50
52-20-026,183,100,ok,100
12-03-001,184,,sin_dato,-
12-03-110,184,,sin_dato,-
12-03-005,184,,sin_dato,-
12-03-115,184,,sin_dato,-
12-03-010,184,,sin_dato,-
12-03-120,184,,sin_dato,-
12-03-015,184,,sin_dato,-
12-03-020,184,,sin_dato,-
12-03-025,184,,sin_dato,-
12-03-030,184,,sin_dato,-
12-03-035,184,,sin_dato,-
12-03-040,184,,sin_dato,-
12-03-045,184,,sin_dato,-
12-03-050,184,,sin_dato,-
12-03-055,184,,sin_dato,-
12-03-060,184,,sin_dato,-
57-03-198,185,125,ok,125
57-03-100,185,250,ok,250
57-03-200,185,125,ok,125
57-03-105,185,250,ok,250
57-03-205,185,125,ok,125
57-03-110,185,250,ok,250
57-03-210,185,125,ok,125
57-03-115,185,250,ok,250
57-03-215,185,125,ok,125
57-03-120,185,250,ok,250
57-03-220,185,125,ok,125
57-03-125,185,80,ok,80
57-03-230,185,125,ok,125
57-03-130,185,80,ok,80
57-03-235,185,40,ok,40
57-03-135,185,80,ok,80
57-03-240,185,40,ok,40
57-03-140,185,80,ok,80
57-03-245,185,40,ok,40
57-03-250,185,40,ok,40
57-03-142,185,125,ok,125
57-03-260,185,40,ok,40
57-03-145,185,40,ok,40
57-03-150,185,40,ok,40
57-03-155,185,40,ok,40
57-03-160,185,30,ok,30
57-03-165,185,30,ok,30
57-03-174,185,30,ok,30
57-02-010,185,50,ok,50
57-02-013,185,50,ok,50
57-02-015,185,50,ok,50
57-02-025,185,450,revisar,450
57-02-028,185,450,revisar,450
57-02-030,185,450,revisar,450
57-05-010,186,100,ok,100
57-05-013,186,100,ok,100
57-37-003,186,36,ok,36
57-05-016,186,100,ok,100
57-05-019,186,100,ok,100
57-05-021,186,100,ok,100
57-05-040,186,100,ok,100
57-03-290,186,50,ok,50
57-05-043,186,100,ok,100
57-01-009,186,,sin_dato,-
57-03-400,186,,sin_dato,-
57-01-011,186,,sin_dato,-
57-03-402,186,,sin_dato,-
57-01-013,186,,sin_dato,-
57-01-015,186,,sin_dato,-
57-01-017,186,,sin_dato,-
06-08-216,187,12,ok,12
06-08-245,187,10,ok,10
06-08-221,187,,sin_dato,-
06-08-226,187,,sin_dato,-
06-08-180,187,6,ok,6
06-08-260,187,10,ok,10
06-08-185,187,,sin_dato,-
06-08-190,187,,sin_dato,-
06-08-195,187,,sin_dato,-
06-08-200,187,,sin_dato,-
40-08-002,188,360,ok,360
40-08-004,188,240,ok,240
40-08-006,188,120,ok,120
40-08-008,188,120,ok,120
40-08-010,188,80,ok,80
40-08-012,188,80,ok,80
40-08-014,188,40,ok,40
40-08-030,188,10,ok,10
40-08-032,188,10,ok,10
40-08-034,188,10,ok,10
40-08-036,188,10,ok,10
34-20-130,188,24,ok,24
34-20-135,188,24,ok,24
34-20-140,188,24,ok,24
34-20-145,188,24,ok,24
34-20-155,188,24,ok,24
34-20-165,188,24,ok,24
34-20-175,188,24,ok,24
34-08-060,189,24,ok,24
34-08-062,189,24,ok,24
34-08-064,189,24,ok,24
34-08-066,189,24,ok,24
34-08-040,189,,sin_dato,-
34-08-042,189,,sin_dato,-
34-08-044,189,,sin_dato,-
34-08-046,189,,sin_dato,-
34-08-048,189,,sin_dato,-
34-08-050,189,,sin_dato,-
34-08-052,189,,sin_dato,-
46-02-208,189,12,ok,12
34-08-020,190,,sin_columna_inner,
34-08-022,190,,sin_columna_inner,
34-08-024,190,,sin_columna_inner,
34-08-026,190,,sin_columna_inner,
34-08-028,190,,sin_columna_inner,
34-08-010,190,,sin_columna_inner,
34-08-012,190,,sin_columna_inner,
34-08-014,190,,sin_columna_inner,
34-08-016,190,,sin_columna_inner,
34-08-030,190,,sin_columna_inner,
34-08-032,190,,sin_columna_inner,
34-08-034,190,,sin_columna_inner,
34-08-036,190,,sin_columna_inner,
34-08-001,190,,sin_columna_inner,
41-08-101,191,10,ok,10
90-08-100,191,,sin_dato,-
41-08-103,191,20,ok,20
90-08-103,191,,sin_dato,-
41-08-105,191,20,ok,20
90-08-106,191,,sin_dato,-
41-08-107,191,20,ok,20
90-08-109,191,,sin_dato,-
41-08-109,191,20,ok,20
90-08-110,191,,sin_dato,-
41-08-111,191,20,ok,20
90-08-115,191,,sin_dato,-
41-08-113,191,20,ok,20
90-08-118,191,,sin_dato,-
41-08-117,191,20,ok,20
90-08-124,191,,sin_dato,-
41-08-119,191,20,ok,20
90-08-127,191,,sin_dato,-
41-08-121,191,20,ok,20
90-08-130,191,,sin_dato,-
41-08-123,191,20,ok,20
90-08-133,191,,sin_dato,-
41-08-125,191,20,ok,20
90-08-134,191,,sin_dato,-
90-08-139,191,,sin_dato,-
90-08-142,191,,sin_dato,-
90-08-144,191,,sin_dato,-
41-08-127,191,20,ok,20
90-08-148,191,,sin_dato,-
41-08-129,191,20,ok,20
90-08-151,191,,sin_dato,-
41-08-131,191,20,ok,20
90-08-154,191,,sin_dato,-
41-08-133,191,20,ok,20
90-08-155,191,,sin_dato,-
41-08-135,191,20,ok,20
90-08-157,191,,sin_dato,-
41-08-137,191,20,ok,20
90-08-158,191,,sin_dato,-
41-08-139,191,20,ok,20
90-08-164,191,,sin_dato,-
41-08-141,191,20,ok,20
90-08-166,191,,sin_dato,-
41-08-142,191,20,ok,20
90-08-169,191,,sin_dato,-
41-08-144,191,10,ok,10
90-08-172,191,,sin_dato,-
41-08-145,191,10,ok,10
41-08-147,191,20,ok,20
41-08-149,191,20,ok,20
53-08-132,192,35,ok,35
53-08-134,192,25,ok,25
53-08-136,192,10,ok,10
53-08-138,192,5,ok,5
53-08-140,192,3,ok,3
53-08-022,192,60,ok,60
90-08-005,192,,sin_dato,-
53-08-025,192,40,ok,40
90-08-006,192,,sin_dato,-
53-08-028,192,40,ok,40
90-08-008,192,,sin_dato,-
53-08-034,192,25,ok,25
90-08-010,192,,sin_dato,-
53-08-043,192,20,ok,20
90-08-012,192,,sin_dato,-
53-08-046,192,20,ok,20
53-08-049,192,20,ok,20
53-08-052,192,16,ok,16
53-08-058,192,12,ok,12
53-08-200,192,,sin_dato,-
53-08-202,192,,sin_dato,-
53-08-204,192,,sin_dato,-
90-08-080,192,,sin_dato,-
53-08-170,192,,sin_dato,-
90-08-082,192,,sin_dato,-
53-08-172,192,,sin_dato,-
90-08-084,192,,sin_dato,-
53-08-150,193,30,ok,30
53-08-160,193,80,ok,80
53-08-183,193,100,ok,100
53-03-186,193,200,ok,200
53-08-186,193,,sin_dato,-
53-03-188,193,100,ok,100
53-03-190,193,100,ok,100
53-03-192,193,100,ok,100
53-08-180,193,120,ok,120
59-08-100,194,240,ok,240
59-08-125,194,240,ok,240
59-08-130,194,240,ok,240
59-08-135,194,240,ok,240
59-08-140,194,150,ok,150
59-08-145,194,150,ok,150
59-08-150,194,125,ok,125
59-08-155,194,90,ok,90
59-08-160,194,70,ok,70
59-08-165,194,150,ok,150
59-08-170,194,125,ok,125
59-08-175,194,125,ok,125
59-08-180,194,90,ok,90
59-08-185,194,90,ok,90
59-08-190,194,70,ok,70
59-08-195,194,50,ok,50
59-08-202,194,36,ok,36
59-08-205,194,90,ok,90
59-08-210,194,90,ok,90
59-08-215,194,70,ok,70
59-08-217,194,70,ok,70
59-08-220,194,50,ok,50
59-08-225,194,40,ok,40
59-08-230,194,36,ok,36
59-08-240,194,40,ok,40
59-08-245,194,36,ok,36
59-08-250,194,24,ok,24
59-08-252,194,20,ok,20
59-08-340,194,40,ok,40
59-08-350,194,24,ok,24
59-08-360,194,20,ok,20
59-08-362,194,16,ok,16
59-08-380,195,,sin_dato,-
59-08-382,195,40,ok,40
59-08-413,195,125,ok,125
59-08-384,195,30,ok,30
59-08-415,195,125,ok,125
59-08-386,195,25,ok,25
59-08-417,195,70,ok,70
59-08-419,195,50,ok,50
59-08-420,195,,sin_dato,-
59-08-900,195,,sin_columna_inner,
59-08-800,195,40,ok,40
59-08-902,195,,sin_columna_inner,
59-08-802,195,30,ok,30
59-08-904,195,,sin_columna_inner,
59-08-804,195,24,ok,24
59-08-906,195,,sin_columna_inner,
59-08-806,195,30,ok,30
59-08-918,195,,sin_columna_inner,
59-08-808,195,20,ok,20
59-08-810,195,16,ok,16
59-08-812,195,10,ok,10
59-08-814,195,6,ok,6
59-08-502,196,180,ok,180
59-08-700,196,72,ok,72
59-08-505,196,120,ok,120
59-08-702,196,80,ok,80
59-08-508,196,100,ok,100
59-08-704,196,48,ok,48
59-08-510,196,100,ok,100
59-08-706,196,60,ok,60
59-08-512,196,80,ok,80
59-08-708,196,,sin_dato,-
59-08-516,196,70,ok,70
59-08-518,196,60,ok,60
59-08-546,196,24,ok,24
59-08-548,196,50,ok,50
59-08-550,196,50,ok,50
59-08-570,196,72,ok,72
59-08-730,196,110,ok,110
59-08-572,196,120,ok,120
59-08-732,196,80,ok,80
59-08-574,196,100,ok,100
59-08-734,196,,sin_dato,-
59-08-576,196,100,ok,100
59-08-736,196,60,ok,60
59-08-578,196,80,ok,80
59-08-738,196,24,ok,24
59-08-580,196,70,ok,70
59-08-582,196,,sin_dato,-
59-02-640,197,300,ok,300
59-02-040,197,200,ok,200
59-02-643,197,,sin_dato,-
59-02-050,197,120,ok,120
59-02-652,197,200,ok,200
59-02-053,197,72,ok,72
59-02-654,197,200,ok,200
59-02-055,197,200,ok,200
59-02-656,197,,sin_dato,-
59-02-060,197,200,ok,200
59-02-658,197,,sin_dato,-
59-02-062,197,160,ok,160
59-02-668,197,200,ok,200
59-02-065,197,120,ok,120
59-02-671,197,,sin_dato,-
59-02-068,197,,sin_dato,-
59-02-673,197,,sin_dato,-
59-02-069,197,130,ok,130
59-02-680,197,150,ok,150
59-02-070,197,80,ok,80
59-02-682,197,100,ok,100
59-02-073,197,,sin_dato,-
59-02-696,197,100,ok,100
59-02-076,197,72,ok,72
59-02-700,197,,sin_dato,-
59-02-078,197,,sin_dato,-
59-02-720,197,,sin_dato,-
59-02-080,197,48,ok,48
59-02-760,197,20,ok,20
59-02-085,197,80,ok,80
59-02-764,197,20,ok,20
59-02-093,197,,sin_dato,-
59-02-095,197,,sin_dato,-
59-02-100,197,,sin_dato,-
59-02-621,197,,sin_dato,-
59-02-105,197,50,ok,50
59-02-657,197,,sin_dato,-
59-02-110,197,40,ok,40
59-02-681,197,,sin_dato,-
59-02-120,197,,sin_dato,-
59-02-661,197,,sin_dato,-
59-02-130,197,,sin_dato,-
59-02-666,197,,sin_dato,-
59-02-140,197,,sin_dato,-
59-02-142,197,40,ok,40
59-08-450,197,25,ok,25
59-08-454,197,20,ok,20
59-02-198,197,40,ok,40
59-02-200,197,36,ok,36
64-12-111,198,,sin_dato,-
64-12-025,198,10,ok,10
64-12-027,198,10,ok,10
64-12-029,198,10,ok,10
64-12-045,198,6,ok,6
64-12-047,198,10,ok,10
64-12-064,198,10,ok,10
64-12-080,198,10,ok,10
64-12-007,198,50,ok,50
64-12-200,199,6,ok,6
64-12-096,199,24,ok,24
64-12-100,199,24,ok,24
11-12-385,200,12,ok,12
11-12-387,200,12,ok,12
11-12-400,200,12,ok,12
11-12-405,200,12,ok,12
11-12-370,200,12,ok,12
11-12-375,200,12,ok,12
11-12-366,200,12,ok,12
11-12-368,200,12,ok,12
11-12-369,200,12,ok,12
11-12-378,200,12,ok,12
11-12-395,200,12,ok,12
11-12-110,200,10,ok,10
11-12-113,200,10,ok,10
11-12-115,200,10,ok,10
24-13-046,201,12,ok,12
50-13-048,201,,sin_dato,-
24-14-015,201,12,ok,12
50-13-070,201,,sin_dato,-
24-15-005,201,12,ok,12
11-13-187,201,,sin_dato,-
24-15-010,201,12,ok,12
11-15-112,201,,sin_dato,-
24-15-020,201,12,ok,12
11-15-110,201,,sin_dato,-
05-05-106,202,,sin_columna_inner,
05-05-112,202,,sin_columna_inner,
05-05-146,202,,sin_columna_inner,
05-05-111,202,,sin_columna_inner,
05-05-141,202,,sin_columna_inner,
05-05-148,202,,sin_columna_inner,
05-05-107,202,,sin_columna_inner,
05-05-118,202,,sin_columna_inner,
05-05-150,202,,sin_columna_inner,
05-05-108,202,,sin_columna_inner,
05-05-123,202,,sin_columna_inner,
05-05-152,202,,sin_columna_inner,
05-05-109,202,,sin_columna_inner,
05-05-129,202,,sin_columna_inner,
05-05-154,202,,sin_columna_inner,
05-05-110,202,,sin_columna_inner,
05-05-136,202,,sin_columna_inner,
05-05-156,202,,sin_columna_inner,
04-06-080,203,,sin_columna_inner,
04-06-198,203,,sin_columna_inner,
04-06-101,203,,sin_columna_inner,
04-06-200,203,,sin_columna_inner,
04-06-106,203,,sin_columna_inner,
04-06-203,203,,sin_columna_inner,
04-06-112,203,,sin_columna_inner,
04-06-205,203,,sin_columna_inner,
04-06-150,203,,sin_columna_inner,
04-06-152,203,,sin_columna_inner,
08-06-040,204,20,ok,20
08-06-044,204,20,ok,20
08-06-021,204,10,ok,10
08-06-050,204,10,ok,10
08-06-052,204,10,ok,10
08-06-190,204,25,ok,25
08-06-155,204,50,ok,50
08-06-157,204,50,ok,50
08-06-159,204,50,ok,50
08-06-165,204,25,ok,25
08-06-167,204,50,ok,50
08-06-169,204,50,ok,50
08-06-176,204,50,ok,50
08-06-154,205,20,ok,20
08-06-156,205,20,ok,20
08-06-182,205,20,ok,20
08-06-202,205,10,ok,10
08-06-184,205,25,ok,25
08-06-186,205,25,ok,25
08-06-180,205,,sin_columna_inner,
08-06-400,206,,sin_dato,-
08-06-402,206,,sin_dato,-
08-06-404,206,,sin_dato,-
08-06-406,206,,sin_dato,-
08-06-408,206,,sin_dato,-
08-06-410,206,,sin_dato,-
08-06-412,207,50,ok,50
08-06-302,207,20,ok,20
08-06-300,207,24,ok,24
08-06-602,208,25,ok,25
08-06-600,208,5,ok,5
08-06-604,208,10,ok,10
33-06-036,209,100,ok,100
33-06-067,209,12,ok,12
33-06-037,209,100,ok,100
33-06-059,209,10,ok,10
33-06-034,209,100,ok,100
33-06-038,209,,sin_dato,-
33-06-039,209,,sin_dato,-
33-06-044,209,10,ok,10
33-06-233,210,10,ok,10
33-06-283,210,10,ok,10
33-06-234,210,10,ok,10
33-06-285,210,10,ok,10
33-06-235,210,10,ok,10
33-06-236,210,10,ok,10
33-06-237,210,10,ok,10
33-06-248,210,10,ok,10
33-06-220,210,50,ok,50
33-06-249,210,10,ok,10
33-06-222,210,50,ok,50
33-06-250,210,10,ok,10
33-06-224,210,50,ok,50
33-06-251,210,10,ok,10
33-06-252,210,10,ok,10
33-06-280,210,10,ok,10
33-06-281,210,10,ok,10
33-06-330,210,10,ok,10
33-06-155,211,60,ok,60
33-06-130,211,2,ok,2
33-06-005,211,20,ok,20
33-06-138,211,,sin_dato,-
33-06-058,211,2,ok,2
33-06-140,212,100,ok,100
33-06-145,212,40,ok,40
33-06-141,212,40,ok,40
33-06-146,212,50,ok,50
33-06-142,212,100,ok,100
33-06-147,212,50,ok,50
33-06-148,212,50,ok,50
33-06-150,212,133,ok,133
33-06-151,212,100,ok,100
33-06-144,212,50,ok,50
33-06-160,213,,sin_dato,-
33-06-166,213,,sin_dato,-
33-06-163,213,,sin_columna_inner,
33-06-210,213,,sin_dato,-
33-06-207,213,10,ok,10
33-06-208,213,10,ok,10
33-06-162,213,,sin_dato,-
33-06-209,213,10,ok,10
09-06-012,214,60,ok,60
09-06-011,214,,sin_dato,-
09-06-010,214,54,ok,54
33-06-005,214,20,ok,20
09-06-046,215,10,ok,10
09-06-044,215,10,ok,10
09-06-015,215,200,ok,200
09-06-040,215,10,ok,10
09-06-020,215,200,ok,200
09-06-013,216,40,ok,40
09-06-300,216,72,ok,72
09-06-302,216,30,ok,30
09-06-030,216,200,ok,200
09-06-400,216,60,ok,60
09-06-070,217,70,ok,70
09-06-054,217,40,ok,40
09-06-072,217,40,ok,40
09-06-050,217,15,ok,15
09-06-052,217,15,ok,15
09-06-084,218,24,ok,24
09-06-080,218,30,ok,30
09-06-082,218,18,ok,18
09-06-086,218,20,ok,20
09-06-500,219,60,ok,60
09-06-502,219,60,ok,60
09-06-510,219,60,ok,60
90-06-100,220,,sin_dato,-
90-06-001,220,20,ok,20
90-06-110,220,,sin_dato,-
13-10-035,220,72,ok,72
90-06-003,220,20,ok,20
13-10-005,220,12,ok,12
13-10-008,220,12,ok,12
13-10-011,220,12,ok,12
19-06-500,221,5,ok,5
19-06-270,221,25,ok,25
19-06-280,221,12,ok,12
19-06-271,221,18,ok,18
19-06-281,221,8,ok,8
19-06-272,221,11,ok,11
19-06-282,221,6,ok,6
19-06-171,222,40,ok,40
19-06-210,222,30,ok,30
19-06-250,222,36,ok,36
19-06-172,222,25,ok,25
19-06-211,222,24,ok,24
19-06-251,222,30,ok,30
19-06-173,222,30,ok,30
19-06-212,222,24,ok,24
19-06-252,222,15,ok,15
19-06-174,222,28,ok,28
19-06-213,222,20,ok,20
19-06-175,222,22,ok,22
19-06-214,222,15,ok,15
19-06-176,222,20,ok,20
19-06-215,222,12,ok,12
19-06-177,222,16,ok,16
19-06-216,222,10,ok,10
19-06-191,222,30,ok,30
19-06-220,222,25,ok,25
19-06-260,222,20,ok,20
19-06-192,222,24,ok,24
19-06-221,222,20,ok,20
19-06-261,222,16,ok,16
19-06-193,222,30,ok,30
19-06-222,222,20,ok,20
19-06-262,222,10,ok,10
19-06-194,222,22,ok,22
19-06-223,222,15,ok,15
19-06-195,222,20,ok,20
19-06-224,222,15,ok,15
19-06-196,222,20,ok,20
19-06-225,222,12,ok,12
19-06-197,222,10,ok,10
19-06-226,222,9,ok,9
19-06-001,223,150,ok,150
19-06-100,223,75,ok,75
19-06-002,223,90,ok,90
19-06-101,223,40,ok,40
19-06-003,223,50,ok,50
19-06-102,223,24,ok,24
19-06-012,223,100,ok,100
19-06-110,223,50,ok,50
19-06-013,223,72,ok,72
19-06-111,223,30,ok,30
19-06-014,223,60,ok,60
19-06-112,223,30,ok,30
19-06-050,223,100,ok,100
19-06-150,223,50,ok,50
19-06-051,223,60,ok,60
19-06-151,223,30,ok,30
19-06-052,223,30,ok,30
19-06-152,223,16,ok,16
19-06-070,223,120,ok,120
19-06-160,223,260,revisar,260
19-06-071,223,70,ok,70
19-06-161,223,150,ok,150
19-06-072,223,40,ok,40
19-06-162,223,90,ok,90
25-06-001,224,400,revisar,400
25-06-030,224,240,ok,240
25-06-050,224,250,ok,250
25-06-002,224,240,ok,240
25-06-031,224,150,ok,150
25-06-051,224,180,ok,180
25-06-003,224,120,ok,120
25-06-052,224,162,ok,162
25-06-004,224,126,ok,126
25-06-053,224,138,ok,138
25-06-005,224,90,ok,90
25-06-006,224,36,ok,36
25-06-010,224,540,ok,540
25-06-040,224,350,ok,350
25-06-060,224,260,ok,260
25-06-011,224,380,ok,380
25-06-041,224,220,ok,220
25-06-061,224,160,ok,160
25-06-012,224,200,ok,200
25-06-042,224,120,ok,120
25-06-062,224,168,ok,168
25-06-013,224,160,ok,160
25-06-063,224,108,ok,108
25-06-014,224,144,ok,144
25-06-064,224,60,ok,60
25-06-015,224,96,ok,96
25-06-065,224,32,ok,32
25-06-020,224,320,ok,320
25-06-044,224,550,ok,550
25-06-070,224,375,ok,375
25-06-021,224,160,ok,160
25-06-045,224,320,ok,320
25-06-071,224,240,ok,240
25-06-046,224,168,ok,168
25-06-072,224,100,ok,100
25-06-047,224,80,ok,80
25-06-073,224,120,ok,120
25-06-048,224,48,ok,48
25-06-074,224,96,ok,96
25-06-049,224,90,ok,90
25-06-075,224,54,ok,54
25-06-080,225,180,ok,180
25-06-110,225,525,ok,525
25-06-175,225,1240,ok,1240
25-06-081,225,168,ok,168
25-06-111,225,330,ok,330
25-06-177,225,600,ok,600
25-06-082,225,126,ok,126
25-06-083,225,60,ok,60
25-06-090,225,1200,revisar,1200
25-06-120,225,600,ok,600
25-06-130,225,700,revisar,700
25-06-091,225,600,ok,600
25-06-121,225,350,ok,350
25-06-131,225,400,revisar,400
25-06-092,225,340,ok,340
25-06-122,225,320,ok,320
25-06-132,225,220,ok,220
25-06-093,225,336,ok,336
25-06-123,225,224,ok,224
25-06-133,225,168,ok,168
25-06-124,225,132,ok,132
25-06-134,225,165,ok,165
25-06-125,225,60,ok,60
25-06-135,225,100,ok,100
25-06-100,225,350,ok,350
25-06-150,225,720,ok,720
25-06-140,225,500,ok,500
25-06-101,225,200,ok,200
25-06-151,225,500,ok,500
25-06-141,225,300,ok,300
25-06-102,225,180,ok,180
25-06-152,225,350,ok,350
25-06-142,225,240,ok,240
25-06-153,225,245,ok,245
25-06-143,225,175,ok,175
25-06-154,225,240,ok,240
25-06-144,225,125,ok,125
25-06-155,225,144,ok,144
25-06-145,225,128,ok,128
25-06-160,226,1250,ok,1250
25-06-190,226,850,ok,850
25-06-161,226,760,ok,760
25-06-191,226,500,ok,500
25-06-162,226,400,ok,400
25-06-192,226,300,ok,300
25-06-163,226,320,ok,320
25-06-193,226,204,ok,204
25-06-164,226,288,ok,288
25-06-194,226,168,ok,168
25-06-165,226,144,ok,144
25-06-195,226,131,ok,131
25-06-170,226,500,ok,500
25-06-196,226,1200,revisar,1200
25-06-171,226,250,ok,250
25-06-197,226,600,ok,600
25-06-172,226,180,ok,180
25-06-198,226,540,ok,540
25-06-199,226,378,ok,378
25-06-180,226,1000,revisar,1000
25-06-181,226,600,revisar,600
25-06-182,226,330,ok,330
25-06-183,226,336,ok,336
25-06-184,226,198,ok,198
25-06-185,226,100,ok,100
25-06-200,227,288,ok,288
25-06-300,227,162,ok,162
25-06-340,227,120,ok,120
25-06-201,227,240,ok,240
25-06-301,227,80,ok,80
25-06-372,227,84,ok,84
25-06-202,227,123,ok,123
25-06-302,227,84,ok,84
25-06-342,227,36,ok,36
25-06-203,227,72,ok,72
25-06-303,227,50,ok,50
25-06-376,227,30,ok,30
25-06-204,227,45,ok,45
25-06-304,227,50,ok,50
25-06-344,227,24,ok,24
25-06-205,227,24,ok,24
25-06-305,227,24,ok,24
25-06-380,227,12,ok,12
25-06-210,227,288,ok,288
25-06-310,227,162,ok,162
25-06-360,227,168,ok,168
25-06-211,227,240,ok,240
25-06-311,227,80,ok,80
25-06-361,227,105,ok,105
25-06-212,227,123,ok,123
25-06-312,227,84,ok,84
25-06-362,227,84,ok,84
25-06-213,227,72,ok,72
25-06-313,227,50,ok,50
25-06-363,227,30,ok,30
25-06-214,227,45,ok,45
25-06-314,227,50,ok,50
25-06-364,227,32,ok,32
25-06-215,227,24,ok,24
25-06-315,227,24,ok,24
25-06-365,227,12,ok,12
25-06-320,227,192,ok,192
25-06-400,227,70,ok,70
25-06-321,227,168,ok,168
25-06-402,227,70,ok,70
25-06-404,227,60,ok,60
25-06-406,227,48,ok,48
25-06-500,228,144,ok,144
25-06-520,228,108,ok,108
25-06-560,228,144,ok,144
25-06-501,228,330,ok,330
25-06-521,228,180,ok,180
25-06-561,228,72,ok,72
25-06-502,228,90,ok,90
25-06-522,228,60,ok,60
25-06-562,228,36,ok,36
25-06-503,228,36,ok,36
25-06-523,228,20,ok,20
25-06-508,228,36,ok,36
25-06-530,228,75,ok,75
25-06-535,228,24,ok,24
25-06-531,228,45,ok,45
25-06-532,228,45,ok,45
25-06-533,228,20,ok,20
25-06-510,228,192,ok,192
25-06-540,228,108,ok,108
25-06-563,228,,sin_dato,-
25-06-511,228,324,ok,324
25-06-541,228,220,ok,220
25-06-512,228,144,ok,144
25-06-542,228,54,ok,54
25-06-513,228,80,ok,80
25-06-543,228,24,ok,24
25-06-570,229,180,ok,180
25-06-571,229,140,ok,140
25-06-572,229,120,ok,120
25-06-705,229,144,ok,144
25-06-590,229,270,ok,270
25-06-591,229,432,ok,432
25-06-592,229,200,ok,200
25-06-593,229,80,ok,80
25-06-600,229,,sin_columna_inner,
25-06-601,229,600,ok,600
25-06-602,229,400,ok,400
25-06-603,229,192,ok,192
25-03-800,230,20,ok,20
25-03-816,230,200,ok,200
25-03-834,230,100,ok,100
25-03-810,230,50,ok,50
25-03-820,230,50,ok,50
25-03-836,230,50,ok,50
25-03-812,230,120,ok,120
25-03-830,230,25,ok,25
25-03-840,230,20,ok,20
25-03-814,230,40,ok,40
25-03-832,230,30,ok,30
19-11-100,231,100,ok,100
19-11-102,231,20,ok,20
19-11-104,231,6,ok,6
44-11-010,232,,sin_dato,-
44-11-025,232,6,ok,6
44-11-012,232,,sin_dato,-
44-11-014,232,,sin_dato,-
44-11-020,232,6,ok,6
44-11-027,232,6,ok,6
36-03-107,233,10,ok,10
36-03-116,233,10,ok,10
36-03-108,233,10,ok,10
36-03-118,233,10,ok,10
36-03-101,233,10,ok,10
36-03-112,233,10,ok,10
36-03-110,233,10,ok,10
36-03-120,233,10,ok,10
60-11-108,234,6,ok,6
60-11-112,234,6,ok,6
60-20-050,234,6,ok,6
60-02-133,234,6,ok,6
60-20-055,234,6,ok,6
60-02-100,234,6,ok,6
60-02-205,234,10,ok,10
60-20-090,234,100,ok,100
60-02-207,234,10,ok,10
60-20-200,234,,sin_dato,-
60-03-056,235,6,ok,6
60-02-222,235,6,ok,6
60-03-058,235,6,ok,6
60-02-224,235,6,ok,6
60-02-226,235,6,ok,6
60-02-228,235,6,ok,6
60-03-040,235,6,ok,6
60-02-213,235,6,ok,6
60-02-215,235,6,ok,6
60-03-050,235,6,ok,6
60-01-025,235,6,ok,6
60-11-185,236,6,ok,6
60-11-189,236,6,ok,6
60-11-136,236,6,ok,6
60-11-152,236,6,ok,6
60-11-138,236,6,ok,6
60-11-154,236,6,ok,6
60-11-148,236,6,ok,6
60-10-005,237,6,ok,6
60-08-005,237,6,ok,6
60-08-007,237,6,ok,6
60-11-007,237,6,ok,6
60-11-005,237,6,ok,6
60-01-050,237,6,ok,6
60-01-052,237,6,ok,6
60-11-172,237,6,ok,6
60-11-169,237,6,ok,6
14-11-236,238,,sin_dato,-
14-11-231,238,,sin_dato,-
14-11-241,238,,sin_dato,-
14-11-234,238,,sin_dato,-
14-11-227,238,,sin_dato,-
14-11-230,239,,sin_dato,-
14-11-235,239,,sin_dato,-
14-11-240,239,,sin_dato,-
14-11-233,239,,sin_dato,-
14-11-237,239,,sin_dato,-
14-11-246,239,,sin_dato,-
14-11-250,239,,sin_dato,-
14-11-243,239,,sin_dato,-
14-11-155,240,,sin_dato,-
14-11-164,240,,sin_dato,-
14-11-158,240,,sin_dato,-
14-11-178,240,,sin_dato,-
14-11-161,240,,sin_dato,-
14-11-185,240,,sin_dato,-
07-06-010,241,,sin_dato,-
07-06-015,241,,sin_dato,-
09-06-100,242,,sin_dato,-
09-06-200,242,,sin_dato,-
09-06-104,242,,sin_dato,-
09-06-202,242,,sin_dato,-
09-06-108,242,,sin_dato,-
09-06-204,242,,sin_dato,-
09-06-206,242,,sin_dato,-
09-06-208,242,,sin_dato,-
07-06-020,242,,sin_dato,-
07-06-022,242,,sin_dato,-
31-11-020,243,200,ok,200
31-11-120,243,100,ok,100
31-11-122,243,100,ok,100
31-11-124,243,100,ok,100
31-11-030,243,200,ok,200
31-11-032,243,,sin_columna_inner,
31-11-034,243,,sin_columna_inner,
31-11-012,243,500,ok,500
31-11-014,243,500,ok,500
31-11-016,243,500,ok,500
31-11-080,243,100,ok,100
31-11-082,243,,sin_columna_inner,
31-11-084,243,,sin_columna_inner,
31-11-070,244,100,ok,100
31-11-050,244,200,ok,200
31-11-072,244,,sin_columna_inner,
31-11-052,244,,sin_columna_inner,
31-11-074,244,,sin_columna_inner,
31-11-054,244,,sin_columna_inner,
31-11-076,244,100,ok,100
31-11-056,244,,sin_columna_inner,
31-11-100,244,100,ok,100
31-11-060,244,100,ok,100
31-11-102,244,100,ok,100
31-11-062,244,,sin_columna_inner,
33-06-062,245,,sin_dato,-
33-06-064,245,,sin_dato,-
39-04-010,245,1200,ok,1200
39-04-012,245,1200,ok,1200
39-04-014,245,600,ok,600
33-06-070,245,,sin_dato,-
39-04-016,245,600,ok,600
33-06-072,245,,sin_dato,-
39-04-018,245,480,ok,480
33-06-074,245,,sin_dato,-
39-04-020,245,360,ok,360
33-06-075,245,,sin_dato,-
39-04-022,245,240,ok,240
33-06-076,245,,sin_dato,-
39-04-024,245,192,ok,192
33-06-078,245,,sin_dato,-
39-04-026,245,48,ok,48
79-11-010,246,6,ok,6
14-11-190,246,,sin_dato,-
14-11-200,246,,sin_dato,-
79-11-040,247,,sin_dato,-
79-11-038,247,,sin_dato,-
79-11-042,247,,sin_dato,-
79-29-001,247,,sin_dato,-
79-29-003,247,,sin_dato,-
79-29-005,247,,sin_dato,-
79-11-001,247,,sin_dato,-
79-11-004,247,,sin_dato,-
75-05-005,248,,sin_dato,-
10-05-030,248,10,ok,10
10-05-010,248,30,ok,30
38-01-120,249,,sin_dato,-
38-01-125,249,,sin_dato,-
38-01-127,249,,sin_dato,-
82-20-040,249,,sin_dato,-
67-08-127,249,,sin_dato,-
38-03-254,249,,sin_dato,-
67-08-128,249,,sin_dato,-
67-08-131,249,,sin_dato,-
67-08-171,249,,sin_dato,-
81-20-144,249,,sin_columna_inner,
38-02-240,249,,sin_dato,-
65-06-155,250,,sin_dato,-
73-20-027,250,,sin_dato,-
65-10-230,250,20,ok,20
63-01-190,250,,sin_dato,-
63-01-200,250,,sin_dato,-
65-10-225,250,25,ok,25
48-01-060,250,10,ok,10
65-10-229,250,,sin_dato,-
48-01-062,250,10,ok,10
48-01-064,250,10,ok,10
71-11-014,251,,sin_dato,-
71-11-016,251,,sin_dato,-
71-11-054,251,,sin_dato,-
28-06-001,251,,sin_dato,-
71-11-056,251,,sin_dato,-
71-11-057,251,,sin_dato,-
71-11-059,251,,sin_dato,-
71-11-250,251,,sin_dato,-
